ACTIVITY,DURATION
发药,258.7987804878049
开单,216.11136890951275
开方,217.49499443826474
报告,230.375
报告发布,217.42616822429906
报告审核,214.31647940074907
报告生成,217.22960151802656
挂号,177.569
接诊,230.294
收费,303.24959349593496
检查,214.9873417721519
检验,213.3440366972477
配药,248.39878048780488
